Model name,Learning rate,Batch size,Weight decay,Model type,Epochs,Minimum Training MSE,Minimum Validation MSE,Testing MSE,Minimum Training Average Distance,Minimum Validation Average Distance,Testing Average Distance
20230314-191919,0.001,512,0.0001,resnet50,15,0.0939410642853805,0.09015935079918967,0.09490475058555603,5.8031801428113665,5.547632747226292,5.8190149201287165
20230315-111615,0.001,512,0.0001,resnet50,75,0.0984356239438057,0.08990394572416942,0.09168638288974762,6.094669900621686,5.544562074873182,5.637478881412083
20230315-122829,0.001,512,0.001,resnet50,10,0.09873416828257697,0.09627610196669896,0.0974402709139718,6.115160042898996,5.9667797618442115,6.021848890516493
20230315-140317,0.001,512,0.001,densenet121,10,0.11756189582603319,0.09490429858366649,0.09588751776350869,7.327044091905866,5.87338744269477,5.917621665530735
20230315-141752,0.001,512,1e-05,densenet121,10,0.11569912082382611,0.0917050184475051,0.0946597084403038,7.2074503898620605,5.65315130021837,5.819868776533339
20230315-143016,0.001,512,0.0002,densenet121,10,0.10349347570112773,0.08906877206431495,0.09075908031728533,6.4228566510336735,5.490040885077582,5.571822166442871
20230315-160432,0.001,512,0.0002,resnet50,10,0.0957991901252951,0.09465718352132374,0.09587123576137754,5.925075939723423,5.835490120781793,5.8934304979112415
20230316-140901,0.001,512,0.0002,resnet50,10,0.1335555185164724,0.13238057990868887,0.13255932347642052,8.406747593198503,8.318424436781141,8.315087583329943
